"Specimen width",6,"mm"
"Specimen thickness",5,"mm"
"Parallel specimen length",27,"mm"
"Standard travel","Standard force"
"mm","N"
0,0.0730461
-2.71634e-05,0.0799602
-5.43264e-05,0.0586995
-5.43264e-05,0.0741662
-2.05352e-07,0.0711421
0.00567666,0.0734652
0.0161823,0.069971
0.0275578,0.0929812
0.0389713,0.0984286
0.0499729,0.110971
0.0622257,0.0993222
0.0724949,0.0923032
0.0832676,0.088931
0.0946354,0.0868253
0.10727,0.0952328
0.119751,0.087844
0.133179,0.100471
0.147461,0.11576
0.157471,0.109443
0.16803,0.127326
0.1792,0.12931
0.190308,0.141151
0.201691,0.144508
0.21399,0.155318
0.226288,0.166427
0.238282,0.17427
0.250733,0.176871
0.26352,0.170371
0.277069,0.171694
0.291108,0.168779
0.30539,0.161238
0.319764,0.161192
0.334961,0.167948
0.34961,0.169169
0.364655,0.170659
0.380036,0.176678
0.396149,0.188763
0.413178,0.205945
0.430146,0.212643
0.447174,0.21513
0.463471,0.219555
0.479523,0.220105
0.495819,0.210248
0.512482,0.213502
0.529511,0.194489
0.546235,0.199341
0.562958,0.191224
0.579194,0.199647
0.595856,0.213807
0.612519,0.236817
0.629731,0.23597
0.647126,0.244897
0.664338,0.263512
0.680329,0.266709
0.696198,0.276673
0.712616,0.293275
0.729523,0.29638
0.746918,0.285302
0.763337,0.283654
0.779877,0.284264
0.795868,0.287064
0.812226,0.295731
0.828522,0.299996
0.845307,0.310311
0.862763,0.312363
0.879975,0.31952
0.896943,0.338227
0.9133,0.346131
0.930085,0.352952
0.946808,0.356965
0.963654,0.361153
0.980133,0.341988
0.996857,0.351433
1.01315,0.338258
1.02908,0.358278
1.04532,0.36049
1.06204,0.373918
1.07932,0.384477
1.09616,0.393541
1.11337,0.402605
1.12979,0.40636
1.14664,0.417102
1.16324,0.413089
1.18015,0.421802
1.19699,0.414157
1.21371,0.377353
1.23013,0.417087
1.246,0.395206
1.26193,0.426089
1.27841,0.422156
1.29599,0.476966
1.31369,0.427161
1.3309,0.45713
1.34757,0.455299
1.36331,0.442481
1.37912,0.448867
1.39584,0.464736
1.41263,0.475944
1.42899,0.445121
1.44669,0.483817
1.46335,0.45684
1.47952,0.460624
1.4957,0.452598
1.51224,0.485069
1.5289,0.471517
1.54606,0.506078
1.56352,0.53182
1.57969,0.539161
1.59648,0.529731
1.61338,0.538597
1.63035,0.523986
1.64707,0.503478
1.66343,0.500988
1.67967,0.522167
1.69572,0.521492
1.71226,0.533058
1.72904,0.54258
1.74644,0.55262
1.7631,0.532783
1.78037,0.545235
1.79685,0.556267
1.81333,0.569149
1.82945,0.576054
1.84648,0.588123
1.86381,0.595341
1.88053,0.590712
1.89652,0.583578
1.91233,0.56658
1.92893,0.570631
1.94609,0.57881
1.96318,0.595747
1.97978,0.606642
1.99668,0.639296
2.01335,0.652082
2.02922,0.642263
2.04521,0.631674
2.06193,0.625511
2.07945,0.618004
2.0958,0.603752
2.11344,0.612755
2.13047,0.627235
2.14677,0.64167
2.16288,0.646614
2.17954,0.652641
2.19651,0.652153
2.21348,0.651543
2.23008,0.657692
2.24607,0.670357
2.26255,0.683876
2.27909,0.686745
2.29624,0.698158
2.31309,0.679726
2.32981,0.672264
2.3466,0.670731
2.36283,0.674839
2.37913,0.670587
2.39573,0.693232
2.41276,0.707727
2.42967,0.70997
2.447,0.723612
2.46379,0.728632
2.48027,0.729123
2.49632,0.719693
2.51316,0.730557
2.53013,0.729276
2.54655,0.726132
2.56327,0.729629
2.57939,0.736983
2.59605,0.735778
2.61253,0.734939
2.62931,0.744853
2.64579,0.74319
2.6627,0.753077
2.68016,0.764583
2.69676,0.783381
2.71311,0.781688
2.72996,0.789584
2.74687,0.77324
2.76341,0.758439
2.78007,0.74196
2.79612,0.745362
2.81236,0.766114
2.82865,0.781693
2.8458,0.810624
2.86302,0.834001
2.87992,0.846909
2.89714,0.841203
2.91343,0.85698
2.92973,0.850522
2.94639,0.836545
2.96348,0.849179
2.9799,0.841321
2.99595,0.841891
3.01225,0.835605
3.02873,0.842906
3.04576,0.838191
3.06254,0.848056
3.07975,0.849826
3.09678,0.8707
3.11393,0.887942
3.13035,0.890672
3.14671,0.890366
3.16307,0.887172
3.18003,0.8782
3.197,0.859096
3.21354,0.855899
3.23014,0.85831
3.24595,0.864062
3.26219,0.886706
3.27848,0.906054
3.29539,0.924182
3.31266,0.929254
3.33,0.941155
3.34721,0.931924
3.3635,0.937463
3.37974,0.931558
3.39634,0.937921
3.41325,0.933892
3.43009,0.933221
3.447,0.929604
3.46318,0.924493
3.47959,0.928197
3.49565,0.936498
3.51219,0.938329
3.52903,0.944446
3.54606,0.961338
3.5634,0.9733
3.57945,0.977375
3.59599,0.989276
3.61235,0.986133
3.62944,0.98022
3.64683,0.9678
3.66374,0.961879
3.68046,0.959243
3.69682,0.967697
3.71305,0.980178
3.72917,0.99179
3.74571,1.00275
3.76267,1.0098
3.78007,1.01625
3.79679,1.011
3.81297,1.01543
3.82939,1.01836
3.84648,1.02089
3.8635,1.01845
3.88017,1.01784
3.89707,1.02077
3.91307,1.01578
3.92936,1.0152
3.94572,1.0228
3.96275,1.03232
3.98002,1.04008
3.99687,1.05502
4.01353,1.07339
4.0297,1.08264
4.046,1.08331
4.06291,1.07776
4.08018,1.0723
4.09666,1.0513
4.1135,1.05823
4.12953,1.06374
4.14509,1.0865
4.16133,1.08908
4.17811,1.10345
4.19612,1.10392
4.21314,1.11606
4.23036,1.11627
4.24653,1.12369
4.26313,1.1412
4.27973,1.14379
4.29634,1.14315
4.31312,1.12826
4.32984,1.12737
4.34669,1.11941
4.36256,1.11447
4.37867,1.11981
4.39552,1.12158
4.41303,1.1427
4.42994,1.15063
4.44679,1.17068
4.46339,1.17724
4.47975,1.20038
4.49629,1.19536
4.51319,1.1927
4.53004,1.19053
4.54664,1.18699
4.5633,1.17907
4.57923,1.17872
4.59553,1.19764
4.61177,1.17295
4.6291,1.20841
4.64643,1.1868
4.66346,1.22184
4.68055,1.20694
4.69667,1.25943
4.71296,1.22904
4.72956,1.26005
4.74659,1.23813
4.76301,1.23093
4.77973,1.21164
4.79621,1.22492
4.81227,1.22956
4.82881,1.23542
4.84577,1.2618
4.86299,1.27337
4.87989,1.26763
4.89704,1.2799
4.91334,1.27346
4.92976,1.28417
4.94624,1.28204
4.96302,1.29968
4.98017,1.28275
4.99659,1.28947
5.01319,1.28799
5.02925,1.27036
5.04579,1.27201
5.06245,1.29069
5.0796,1.3044
5.09608,1.29947
5.11323,1.33841
5.12995,1.32639
5.14619,1.34318
5.16285,1.33326
5.17951,1.34081
5.19667,1.32135
5.21351,1.31665
5.23042,1.30391
5.24629,1.31132
5.26258,1.32216
5.27906,1.33215
5.29585,1.36016
5.31306,1.36493
5.32991,1.37183
5.34681,1.3722
5.36305,1.36446
5.37959,1.36283
5.39619,1.3694
5.4134,1.37255
5.43025,1.35552
5.44685,1.37407
5.46296,1.37217
5.47895,1.36929
5.49549,1.37631
5.5124,1.40091
5.52973,1.40482
5.54652,1.40814
5.56373,1.42539
5.58003,1.4274
5.59651,1.43146
5.61286,1.43094
5.62959,1.44082
5.64662,1.42776
5.66322,1.43263
5.67994,1.42567
5.69587,1.42189
5.71253,1.41948
5.72906,1.42306
5.74615,1.42658
5.76306,1.44315
5.78021,1.46109
5.797,1.48288
5.81335,1.50364
5.82965,1.50509
5.84649,1.5049
5.8634,1.49489
5.88019,1.47918
5.89703,1.47589
5.91272,1.47016
5.92889,1.47686
5.94525,1.48473
5.9621,1.49731
5.97943,1.50249
5.99634,1.52196
6.01343,1.52872
6.0296,1.53794
6.0462,1.543
6.06299,1.54158
6.07995,1.5369
6.09662,1.53033
6.1134,1.53738
6.12939,1.52767
6.14587,1.53403
6.16272,1.53439
6.1795,1.54249
6.19653,1.538
6.21338,1.55228
6.23071,1.55837
6.24689,1.5787
6.26336,1.58225
6.27972,1.58871
6.29651,1.58945
6.31372,1.58537
6.33014,1.57228
6.34674,1.56808
6.36297,1.56738
6.37964,1.57427
6.39593,1.5783
6.41235,1.5901
6.4292,1.59219
6.44641,1.60318
6.46344,1.61418
6.4798,1.62101
6.49573,1.62357
6.51282,1.62567
6.53021,1.62873
6.54693,1.60432
6.56409,1.60936
6.58063,1.6102
6.59604,1.61524
6.61175,1.6233
6.62848,1.63996
6.64587,1.65449
6.66308,1.65363
6.68048,1.67194
6.69671,1.67246
6.71264,1.68867
6.72864,1.67851
6.74548,1.6727
6.76288,1.66933
6.78021,1.65901
6.79675,1.66673
6.81216,1.6596
6.82882,1.67071
6.84677,1.66392
6.8641,1.69865
6.8804,1.66539
6.89712,1.72874
6.9133,1.70153
6.92953,1.7622
6.94607,1.7102
6.9631,1.76468
6.98025,1.67334
6.99655,1.76733
7.01376,1.65918
7.02987,1.74621
7.04599,1.68628
7.06222,1.75329
7.07907,1.70129
7.09585,1.76422
7.113,1.70715
7.13022,1.76379
7.14664,1.72094
7.16293,1.74475
7.17966,1.73974
7.19644,1.76318
7.21292,1.7265
7.23007,1.77214
7.24649,1.74131
7.26236,1.76536
7.27853,1.75291
7.29526,1.77269
7.31253,1.7711
7.32986,1.78984
7.34695,1.78819
7.36337,1.79893
7.37997,1.80714
7.39633,1.78932
7.4133,1.80903
7.42996,1.78953
7.44674,1.8003
7.4631,1.79655
7.47891,1.81482
7.49521,1.79361
7.51181,1.82498
7.52908,1.81958
7.54599,1.83242
7.56375,1.83343
7.5806,1.85473
7.59701,1.85097
7.61349,1.85575
7.63028,1.86041
7.647,1.8593
7.66342,1.84653
7.6802,1.84639
7.69613,1.8453
7.71249,1.84451
7.72909,1.84074
7.74649,1.85294
7.76382,1.85024
7.78042,1.85802
7.7969,1.88017
7.81296,1.88428
7.82901,1.88588
7.84622,1.89204
7.86313,1.8921
7.87979,1.87886
7.8967,1.88702
7.91287,1.88421
7.92892,1.89036
7.94522,1.89356
7.96231,1.88418
7.9797,1.88523
7.99637,1.8901
8.0134,1.90141
8.02994,1.90876
8.04648,1.93308
8.06283,1.94705
8.07913,1.9566
8.09622,1.94884
8.11331,1.94614
8.12991,1.93241
8.14584,1.92418
8.16263,1.92778
8.17941,1.9324
8.19662,1.95032
8.21341,1.95677
8.2305,1.98229
8.24698,1.98718
8.26309,1.99342
8.27963,1.98539
8.29648,1.99307
8.31338,1.98516
8.33023,1.97967
8.34701,1.96842
8.36307,1.96833
8.37961,1.97709
8.39541,1.97574
8.41177,1.987
8.42892,2.00525
8.44607,2.01589
8.4631,2.02091
8.47964,2.03321
8.49618,2.0351
8.51266,2.03573
8.52975,2.04609
8.54666,2.03092
8.56369,2.0349
8.57998,2.03167
8.59622,2.04153
8.61258,2.0329
8.62918,2.05096
8.64633,2.05493
8.66293,2.06521
8.68008,2.07393
8.69644,2.08154
8.71292,2.09664
8.72934,2.09187
8.74643,2.09386
8.76382,2.0793
8.78085,2.07655
8.79733,2.06576
8.81268,2.06092
8.82837,2.0696
8.84509,2.0794
8.86236,2.09414
8.87951,2.10623
8.89667,2.12618
8.91382,2.13179
8.93054,2.13962
8.94702,2.13513
8.9635,2.13857
8.98016,2.14584
8.99621,2.13592
9.01257,2.14038
9.02856,2.14611
9.04455,2.14283
9.06109,2.14458
9.07892,2.16283
9.09668,2.15202
9.11407,2.15746
9.1308,2.16216
9.14673,2.16136
9.16302,2.16494
9.17975,2.18548
9.19696,2.19265
9.2135,2.17965
9.2301,2.18654
9.24634,2.179
9.26251,2.18607
9.27881,2.18671
9.29565,2.20541
9.31293,2.20833
9.32977,2.2249
9.34692,2.22951
9.36334,2.24205
9.37988,2.25078
9.39642,2.24175
9.41339,2.2401
9.43011,2.22614
9.44659,2.21569
9.46338,2.21208
9.47937,2.21251
9.49597,2.20422
9.5133,2.21939
9.53015,2.22801
9.54638,2.23102
9.56347,2.2519
9.57977,2.26789
9.5957,2.27645
9.612,2.27778
9.62897,2.27973
9.64618,2.28145
9.66247,2.27219
9.67975,2.26724
9.69623,2.26407
9.71252,2.27948
9.729,2.26849
9.74597,2.29596
9.76294,2.29284
9.77972,2.31121
9.79693,2.31931
9.81305,2.33274
9.82934,2.32367
9.84595,2.33512
9.86322,2.33843
9.88006,2.3203
9.89688,2.32318
9.91317,2.32074
9.92929,2.32522
9.94564,2.32925
9.96237,2.33329
9.97946,2.33952
9.99642,2.34305
10.0136,2.36078
10.0298,2.36333
10.0464,2.38402
10.0629,2.3881
10.0799,2.40018
10.0968,2.38312
10.1133,2.36457
10.1299,2.35867
10.1459,2.35311
10.1622,2.3528
10.1788,2.35586
10.1961,2.38263
10.2131,2.37581
10.2303,2.39308
10.2469,2.39387
10.2631,2.40519
10.2795,2.40356
10.2961,2.42132
10.3133,2.41909
10.33,2.40795
10.3468,2.40014
10.3629,2.39162
10.3792,2.39631
10.3957,2.38692
10.4126,2.41027
10.4299,2.42144
10.4466,2.43186
10.4635,2.44282
10.4796,2.45848
10.4959,2.4611
10.5127,2.45683
10.5299,2.46156
10.5467,2.44285
10.5634,2.43998
10.5799,2.43677
10.5959,2.45157
10.612,2.45817
10.6287,2.47129
10.6461,2.47765
10.6631,2.48235
10.6803,2.48922
10.6967,2.49397
10.7133,2.50091
10.7293,2.50768
10.7462,2.51125
10.7635,2.50741
10.78,2.50198
10.7968,2.49988
10.8128,2.50012
10.829,2.50129
10.8455,2.49838
10.8627,2.51068
10.8797,2.50763
10.8967,2.5184
10.9137,2.5277
10.9298,2.53534
10.9464,2.54103
10.9629,2.55441
10.98,2.55179
10.9967,2.54587
11.0135,2.55028
11.0296,2.54109
11.0457,2.54839
11.0622,2.53858
11.0791,2.53755
11.0965,2.54176
11.1134,2.54131
11.1303,2.54564
11.1464,2.56224
11.163,2.58245
11.1793,2.58293
11.1964,2.59644
11.2131,2.57739
11.2299,2.57732
11.2466,2.56941
11.2627,2.5649
11.2791,2.56578
11.2957,2.58159
11.313,2.58894
11.3299,2.59753
11.347,2.62108
11.3634,2.61889
11.3798,2.62684
11.3961,2.62113
11.4131,2.62503
11.4302,2.61581
11.4465,2.61883
11.4634,2.61847
11.4793,2.62871
11.4957,2.63245
11.5119,2.62668
11.5293,2.63208
11.5468,2.63504
11.5636,2.63634
11.5802,2.64424
11.5963,2.65415
11.6126,2.6655
11.6293,2.67105
11.6464,2.67472
11.6632,2.66341
11.6801,2.6577
11.6963,2.65272
11.7126,2.65174
11.729,2.64706
11.7457,2.65196
11.7629,2.66186
11.7797,2.68359
11.7968,2.68628
11.8125,2.70125
11.8296,2.71434
11.8456,2.72376
11.8629,2.71997
11.8803,2.71636
11.8976,2.70816
11.9143,2.70803
11.9301,2.6882
11.9461,2.68301
11.9626,2.6809
11.9794,2.69806
11.9964,2.69471
12.0136,2.72743
12.0304,2.73352
12.0467,2.7619
12.063,2.75267
12.0798,2.75953
12.0967,2.7454
12.1133,2.74172
12.1301,2.72965
12.1462,2.73499
12.1624,2.73873
12.1789,2.75032
12.1959,2.76241
12.213,2.76863
12.2301,2.7805
12.2472,2.78574
12.264,2.7835
12.2801,2.79298
12.2964,2.80248
12.3125,2.80009
12.3291,2.79469
12.3459,2.79839
12.3626,2.78736
12.3787,2.77858
12.3949,2.78042
12.4118,2.78822
12.4292,2.79228
12.447,2.80202
12.4644,2.81425
12.4808,2.81803
12.4973,2.82203
12.5134,2.8227
12.5297,2.83443
12.5462,2.82148
12.5628,2.82649
12.5797,2.81119
12.5958,2.84525
12.6121,2.81205
12.6289,2.83091
12.6466,2.82503
12.6636,2.84142
12.6804,2.82277
12.6969,2.84718
12.7132,2.8582
12.7294,2.85344
12.7462,2.8698
12.7632,2.85995
12.7799,2.85885
12.7968,2.84813
12.8127,2.85617
12.8291,2.84063
12.8455,2.84825
12.8625,2.85351
12.8797,2.84805
12.8965,2.86807
12.9132,2.88519
12.9294,2.89935
12.9458,2.90238
12.9626,2.91041
12.9799,2.90197
12.997,2.89528
13.0139,2.88945
13.03,2.88679
13.0461,2.90422
13.0624,2.91147
13.0791,2.92811
13.0965,2.93477
13.1134,2.93529
13.1305,2.93265
13.1468,2.9347
13.1632,2.92675
13.1797,2.93205
13.1967,2.95384
13.2138,2.94483
13.2304,2.94829
13.2469,2.94912
13.2625,2.94663
13.2786,2.92816
13.2951,2.94443
13.3121,2.95294
13.3289,2.9635
13.3462,2.9718
13.3636,2.99365
13.3802,3.00076
13.3964,3.00085
13.413,2.99524
13.4301,2.99109
13.4467,2.98433
13.4635,2.97646
13.4793,2.9789
13.4954,2.98338
13.5118,2.97956
13.5289,2.99232
13.5464,2.98271
13.5631,2.97596
13.5803,2.97734
13.5967,2.99208
13.6133,2.99796
13.6298,3.01804
13.6468,3.02352
13.6637,3.02391
13.6804,3.01876
13.6967,2.9977
13.7129,2.98742
13.7292,2.99212
13.7461,2.99053
13.7633,2.99765
13.7804,3.02213
13.7967,3.0309
13.8125,3.03263
13.8288,3.04691
13.8453,3.04803
13.862,3.04421
13.8787,3.04449
13.896,3.03927
13.9134,3.04116
13.9297,3.04133
13.9461,3.03782
13.9626,3.04331
13.9795,3.06046
13.9967,3.05835
14.0141,3.06449
14.0308,3.07923
14.0468,3.09217
14.0629,3.09774
14.0795,3.10505
14.0963,3.11491
14.1128,3.11326
14.1296,3.09754
14.146,3.09684
14.1627,3.09215
14.1793,3.09257
14.1966,3.09019
14.2137,3.10297
14.2304,3.11129
14.247,3.12603
14.2631,3.12906
14.2797,3.13285
14.2965,3.13172
14.314,3.12556
14.3308,3.12314
14.3467,3.11643
14.3627,3.12223
14.3789,3.12244
14.3949,3.12751
14.4116,3.1238
14.4291,3.12757
14.4461,3.12343
14.4633,3.14314
14.4795,3.15
14.4957,3.16876
14.5126,3.17833
14.5299,3.19194
14.5471,3.18317
14.5636,3.17139
14.5802,3.16239
14.5961,3.15993
14.6123,3.16027
14.6289,3.16266
14.6459,3.17206
14.663,3.17174
14.6801,3.182
14.6971,3.18781
14.7135,3.19993
14.7298,3.20072
14.7465,3.21317
14.7636,3.21058
14.7802,3.20791
14.7971,3.20413
14.8131,3.21211
14.8292,3.20477
14.8457,3.20388
14.8627,3.19897
14.8796,3.18961
14.8961,3.19211
14.9133,3.21799
14.9298,3.21912
14.9466,3.23676
14.9631,3.24503
14.9797,3.25358
14.9965,3.23799
15.013,3.24223
15.0296,3.23344
15.0453,3.24059
15.0614,3.24031
15.0778,3.23817
15.0956,3.24342
15.1133,3.25077
15.1311,3.25957
15.1472,3.26178
15.1636,3.27307
15.18,3.28166
15.1967,3.2935
15.2135,3.29973
15.23,3.28918
15.2469,3.2851
15.263,3.27972
15.2794,3.27631
15.2956,3.26878
15.3125,3.28022
15.3296,3.28474
15.3466,3.29515
15.3634,3.30099
15.3797,3.30684
15.3961,3.30794
15.413,3.30837
15.4298,3.29856
15.4462,3.28631
15.4633,3.2899
15.4795,3.28177
15.4957,3.28961
15.5124,3.29742
15.5294,3.31183
15.5462,3.30907
15.5631,3.32948
15.5806,3.32933
15.5971,3.33006
15.6135,3.32925
15.6297,3.33437
15.6462,3.33125
15.6626,3.33195
15.6795,3.34605
15.6961,3.34258
15.7123,3.34085
15.7288,3.34309
15.7457,3.34071
15.7634,3.3439
15.7806,3.34858
15.7974,3.36515
15.8135,3.37614
15.8299,3.39774
15.8464,3.38938
15.8633,3.39063
15.8803,3.38865
15.8967,3.37645
15.9132,3.36847
15.9291,3.37851
15.9455,3.391
15.962,3.38154
15.9791,3.39205
15.9964,3.38526
16.0131,3.38978
16.03,3.38994
16.0463,3.40587
16.0629,3.40862
16.0797,3.41896
16.097,3.42339
16.1137,3.41661
16.1303,3.41341
16.1463,3.41592
16.1623,3.42126
16.1787,3.41817
16.1956,3.42162
16.2128,3.41473
16.2296,3.41191
16.2466,3.41335
16.2628,3.41544
16.2794,3.42597
16.2962,3.44009
16.3132,3.45449
16.3306,3.45064
16.3475,3.45003
16.3642,3.44936
16.3798,3.44892
16.3956,3.44486
16.412,3.43983
16.4293,3.44523
16.4467,3.45123
16.4633,3.45423
16.4797,3.45205
16.4963,3.47519
16.5125,3.47343
16.5292,3.47904
16.5466,3.49027
16.5628,3.48813
16.5795,3.48527
16.5959,3.48513
16.6126,3.47503
16.6296,3.45922
16.6465,3.46996
16.6637,3.47157
16.6805,3.48353
16.6971,3.48884
16.7134,3.50678
16.7295,3.51826
16.7457,3.52312
16.7627,3.52334
16.7793,3.52515
16.7964,3.52938
16.8127,3.51793
16.8292,3.51717
16.8461,3.51439
16.8627,3.52309
16.8796,3.51649
16.8964,3.51655
16.9139,3.52795
16.93,3.54159
16.9461,3.55228
16.9626,3.55609
16.9797,3.57138
16.9974,3.56189
17.0145,3.55326
17.0311,3.55325
17.0464,3.55892
17.0618,3.55093
17.078,3.56384
17.0953,3.57236
17.1117,3.57233
17.1295,3.58229
17.1467,3.58179
17.163,3.58237
17.1793,3.59267
17.196,3.5975
17.2131,3.59174
17.2298,3.61633
17.2468,3.60951
17.2627,3.60686
17.279,3.58937
17.2954,3.57724
17.3124,3.56957
17.3297,3.58097
17.3464,3.58163
17.3635,3.60464
17.3806,3.6137
17.3976,3.61758
17.414,3.61332
17.4298,3.62357
17.4461,3.61353
17.463,3.62468
17.4791,3.61357
17.4957,3.6099
17.5123,3.59595
17.5293,3.60109
17.5464,3.59236
17.5631,3.60939
17.5804,3.62742
17.5967,3.63477
17.6133,3.6434
17.6298,3.64984
17.6464,3.66036
17.6637,3.66336
17.6799,3.65617
17.6965,3.65102
17.7126,3.64635
17.7291,3.63311
17.7456,3.62761
17.7624,3.64769
17.7794,3.64841
17.797,3.67929
17.8142,3.69599
17.8302,3.69908
17.8466,3.69528
17.8638,3.70212
17.8804,3.69315
17.8964,3.6775
17.9131,3.68175
17.9291,3.68651
17.9453,3.68716
17.9615,3.68056
17.9782,3.68281
17.9956,3.68632
18.0128,3.68857
18.0299,3.69241
18.0466,3.69927
18.0636,3.7149
18.0802,3.72067
18.0973,3.72623
18.1138,3.72576
18.1303,3.72838
18.1464,3.71742
18.1626,3.70959
18.1789,3.71243
18.1951,3.71657
18.2121,3.72145
18.2296,3.71982
18.2473,3.74312
18.2637,3.74178
18.2798,3.75727
18.2962,3.7641
18.3133,3.7865
18.3303,3.77328
18.3468,3.77447
18.3633,3.76082
18.3797,3.75213
18.3961,3.73923
18.4126,3.74514
18.4294,3.75458
18.4463,3.75641
18.4633,3.77246
18.4801,3.78769
18.4962,3.78713
18.5124,3.78818
18.5292,3.80472
18.5462,3.81465
18.5627,3.80293
18.5799,3.8125
18.5962,3.81499
18.6123,3.80839
18.6291,3.79499
18.6461,3.80754
18.6634,3.80377
18.6802,3.80743
18.6972,3.81778
18.7133,3.82343
18.7296,3.8334
18.7463,3.83496
18.7634,3.84172
18.7801,3.83095
18.7968,3.83544
18.8134,3.83458
18.8294,3.83619
18.8458,3.83497
18.8626,3.8423
18.8796,3.83986
18.8965,3.83005
18.9138,3.83443
18.9303,3.83717
18.9461,3.85542
18.9623,3.86303
18.979,3.87816
18.9961,3.88622
19.0133,3.87862
19.0301,3.87461
19.0463,3.86447
19.0629,3.86069
19.0794,3.85538
19.0962,3.85946
19.1131,3.85027
19.13,3.86468
19.1466,3.88056
19.1631,3.89632
19.1794,3.91029
19.1959,3.92082
19.2129,3.92119
19.2297,3.91061
19.2467,3.89996
19.2632,3.8926
19.2795,3.88505
19.2959,3.87876
19.3126,3.87139
19.3297,3.87919
19.3468,3.87669
19.3639,3.88822
19.3803,3.89674
19.3965,3.92438
19.4124,3.93706
19.4291,3.96032
19.446,3.95573
19.4628,3.95331
19.4797,3.93573
19.496,3.90747
19.5124,3.8927
19.5291,3.89376
19.5461,3.89954
19.5631,3.91525
19.5806,3.61899
19.5972,2.41196
19.6137,1.23618
19.63,0.0369568
19.6466,-1.17007
19.6634,-2.05484
19.6798,-2.03293
19.6967,-2.04813
19.7126,-2.03941
19.7289,-2.04167
19.7451,-2.04018
19.7624,-2.05315
19.7797,-2.06676
19.7965,-2.05946
19.8135,-2.05621
19.8299,-2.04861
19.8464,-2.03024
19.8631,-2.02384
19.8803,-2.03199
19.8971,-2.03849
19.9137,-2.04993
19.9295,-2.0752
19.9458,-2.06676
19.9622,-2.08071
19.9793,-2.08352
19.9966,-2.07956
20.013,-2.07975
20.0299,-2.07157
20.0459,-2.06298
20.0624,-2.05889
20.0793,-2.06981
20.0963,-2.04924
20.1129,-2.07265
20.1294,-2.06875
20.1463,-2.05745
20.1621,-2.04713
20.179,-2.06654
20.1964,-2.07479
20.2139,-2.09249
20.2305,-2.10754
20.2474,-2.09304
20.2639,-2.07824
20.2802,-2.0462
20.2964,-2.03402
20.3132,-2.01916
20.3302,-2.02841
20.3464,-2.04212
20.3632,-2.05719
20.3792,-2.0598
20.3956,-2.06609
20.4122,-2.0786
20.4292,-2.0741
20.4464,-2.06489
20.4633,-2.05831
20.4803,-2.0589
20.4965,-2.0568
20.5127,-2.03543
20.5295,-2.04181
20.5467,-2.04319
20.5634,-2.04231
20.58,-2.03572
20.596,-2.05381
20.6127,-2.05221
20.629,-2.05737
20.6455,-2.07776
20.6629,-2.0894
20.6802,-2.09295
20.6976,-2.09096
20.7136,-2.07923
20.7296,-2.06742
20.7458,-2.05659
20.7626,-2.04912
20.7792,-2.06133
20.7955,-2.0794
20.8127,-2.08858
20.8293,-2.09012
20.8459,-2.09925
20.8626,-2.10056
20.8801,-2.0954
20.8971,-2.08839
20.9139,-2.07813
20.9304,-2.06672
20.9465,-2.05469
20.9628,-2.04047
20.9792,-2.0415
20.9962,-2.03504
21.0131,-2.04663
21.03,-2.03726
21.0462,-2.05185
21.0626,-2.04954
21.0789,-2.07175
21.0958,-2.07198
21.1129,-2.08795
21.13,-2.07249
21.147,-2.06182
21.1631,-2.05077
21.1796,-2.04726
21.1962,-2.03273
21.2136,-2.04164
21.2305,-2.06145
21.2477,-2.07753
21.2642,-2.07213
21.2799,-2.08708
21.2952,-2.0934
21.3117,-2.08882
21.3288,-2.07567
21.3454,-2.10027
21.3628,-2.08263
21.3794,-2.08472
21.3957,-2.07063
21.4127,-2.07566
21.4303,-2.03971
21.4475,-2.06205
21.4638,-2.06303
21.4804,-2.07056
21.4962,-2.07124
21.5122,-2.08775
21.5287,-2.08851
21.5459,-2.08796
21.563,-2.09842
21.5802,-2.09551
21.597,-2.08782
21.6133,-2.06685
21.6295,-2.05275
21.6462,-2.03914
21.6633,-2.03377
21.6798,-2.04106
21.6964,-2.05885
21.7125,-2.07622
21.7292,-2.08653
21.7456,-2.09878
21.7626,-2.10469
21.7801,-2.10079
21.7972,-2.08367
21.8139,-2.06426
21.8299,-2.06752
21.8463,-2.05098
21.8629,-2.04972
21.8797,-2.04876
21.8963,-2.06117
21.9128,-2.04798
21.9294,-2.06189
21.9458,-2.06695
21.9623,-2.08315
21.9793,-2.07915
21.9964,-2.08242
22.0134,-2.08548
22.0306,-2.08123
22.0471,-2.04992
22.0633,-2.05781
22.0792,-2.05737
22.0958,-2.04759
22.1128,-2.03682
22.1291,-2.07308
22.1466,-2.06545
22.1631,-2.07601
22.1794,-2.0792
22.1961,-2.09617
22.2134,-2.08678
22.2302,-2.09422
22.2467,-2.07716
22.263,-2.08699
22.2793,-2.07405
22.2957,-2.07537
22.3123,-2.07035
22.3296,-2.06977
22.3466,-2.05788
22.3637,-2.06627
22.38,-2.06448
22.3962,-2.06112
22.4125,-2.08138
22.4295,-2.07849
22.4465,-2.08423
22.4632,-2.08139
22.48,-2.07907
22.496,-2.07172
22.5126,-2.06441
22.5293,-2.0541
22.5463,-2.0497
22.5632,-2.06725
22.58,-2.05562
22.5967,-2.07175
22.6131,-2.08171
22.6293,-2.0856
22.6459,-2.07499
22.6629,-2.08734
22.6798,-2.09177
22.697,-2.08153
22.7136,-2.08023
22.7303,-2.08156
22.7468,-2.08146
22.7639,-2.06495
22.7808,-2.06359
22.797,-2.06683
22.8134,-2.05792
22.8286,-2.05668
22.8444,-2.07023
22.8609,-2.08955
22.8785,-2.0841
22.8957,-2.1005
22.9127,-2.08942
22.93,-2.09431
22.9469,-2.02717
22.9634,-2.07249
22.9799,-2.01914
22.9967,-2.03867
23.0131,-2.01348
23.0301,-2.07952
23.0464,-2.03423
23.063,-2.0808
23.0792,-2.07861
23.096,-2.0891
23.1132,-2.09032
23.13,-2.08312
23.1471,-2.08117
23.1633,-2.05791
23.1797,-2.05682
23.1963,-2.02793
23.2133,-2.04002
23.2302,-2.04624
23.247,-2.04508
23.2634,-2.05405
23.2794,-2.06321
23.2959,-2.07285
23.3125,-2.07838
23.3299,-2.09794
23.3472,-2.10758
23.3641,-2.10347
23.38,-2.09598
23.396,-2.06644
23.4124,-2.065
23.4292,-2.04254
23.4459,-2.04668
23.4625,-2.04711
23.4795,-2.07153
23.4958,-2.07468
23.5122,-2.09135
23.5287,-2.10532
23.5458,-2.10837
23.5625,-2.11325
23.5794,-2.09195
23.5966,-2.09089
23.6133,-2.07576
23.6299,-2.07246
23.6466,-2.06404
23.6639,-2.07521
23.6805,-2.07244
23.6971,-2.08039
23.7131,-2.07886
23.7295,-2.07923
23.7458,-2.08829
23.7628,-2.09241
23.78,-2.08949
23.7969,-2.10341
23.8139,-2.08052
23.8297,-2.07094
23.8458,-2.04738
23.8625,-2.05654
23.8795,-2.01418
23.8968,-2.02914
23.9135,-2.02902
23.9299,-2.06772
23.9462,-2.06353
23.9627,-2.08916
23.9798,-2.12505
23.9968,-2.14324
24.012,-2.12249
24.023,-2.08953
24.027,-2.08081
24.0271,-2.04505
24.0271,-2.07863
24.027,-2.07063
24.027,-2.05539
24.027,-2.09234
24.027,-2.07702
24.027,-2.06928
24.027,-2.09143
24.027,-2.07418
24.027,-2.088
24.027,-2.04877
24.027,-2.07446
24.027,-2.07858
24.027,-2.0646
